{
  "directional_indices": [
    3.0869868993759155,
    -7.31658136844635
  ],
  "route_scores_competitor": [
    14.688401579856873,
    22.113724410533905
  ],
  "route_scores_target": [
    17.775388479232788,
    14.797143042087555
  ],
  "sustain_ratio": null,
  "topological_coherence": null
}